Web and Social Media Analytics,02eecad3-3ddc-4fb7-a897-c46f92019a11,Date,DATETIME,
Web and Social Media Analytics,02eecad3-3ddc-4fb7-a897-c46f92019a11,New visitors SEO,INTEGER,
Web and Social Media Analytics,02eecad3-3ddc-4fb7-a897-c46f92019a11,New visitors CPC,INTEGER,
Web and Social Media Analytics,02eecad3-3ddc-4fb7-a897-c46f92019a11,New visitors Social Media,INTEGER,
Web and Social Media Analytics,02eecad3-3ddc-4fb7-a897-c46f92019a11,Return visitors,INTEGER,
Web and Social Media Analytics,02eecad3-3ddc-4fb7-a897-c46f92019a11,Twitter mentions,INTEGER,
Web and Social Media Analytics,02eecad3-3ddc-4fb7-a897-c46f92019a11,Twitter followers adds,INTEGER,
Web and Social Media Analytics,02eecad3-3ddc-4fb7-a897-c46f92019a11,Twitter followers cumulative,INTEGER,
Web and Social Media Analytics,02eecad3-3ddc-4fb7-a897-c46f92019a11,Mailing list adds ,INTEGER,
Web and Social Media Analytics,02eecad3-3ddc-4fb7-a897-c46f92019a11,Mailing list cumulative,INTEGER,
Web and Social Media Analytics,02eecad3-3ddc-4fb7-a897-c46f92019a11,Website Pageviews,INTEGER,
Web and Social Media Analytics,02eecad3-3ddc-4fb7-a897-c46f92019a11,Website Visits,INTEGER,
Web and Social Media Analytics,02eecad3-3ddc-4fb7-a897-c46f92019a11,Website Unique Visits,INTEGER,
Web and Social Media Analytics,02eecad3-3ddc-4fb7-a897-c46f92019a11,Mobile uniques,INTEGER,
Web and Social Media Analytics,02eecad3-3ddc-4fb7-a897-c46f92019a11,Tablet uniques,INTEGER,
Web and Social Media Analytics,02eecad3-3ddc-4fb7-a897-c46f92019a11,Desktop uniques,INTEGER,
Web and Social Media Analytics,02eecad3-3ddc-4fb7-a897-c46f92019a11,Free sign up,INTEGER,
Web and Social Media Analytics,02eecad3-3ddc-4fb7-a897-c46f92019a11,Paid conversion,INTEGER,
Web and Social Media Analytics,02eecad3-3ddc-4fb7-a897-c46f92019a11,Events,STRING,
medals_2021,03b201e9-767d-4ed5-a35b-e029ff2c888c,rank,INTEGER,
medals_2021,03b201e9-767d-4ed5-a35b-e029ff2c888c,team/noc,STRING,
medals_2021,03b201e9-767d-4ed5-a35b-e029ff2c888c,gold,INTEGER,
medals_2021,03b201e9-767d-4ed5-a35b-e029ff2c888c,silver,INTEGER,
medals_2021,03b201e9-767d-4ed5-a35b-e029ff2c888c,bronze,INTEGER,
medals_2021,03b201e9-767d-4ed5-a35b-e029ff2c888c,total,INTEGER,
medals_2021,03b201e9-767d-4ed5-a35b-e029ff2c888c,rank by total,INTEGER,
olympic_2021_details,13d4f940-eb8e-4e23-9b89-3bf5600a5f98,medal_type,STRING,
olympic_2021_details,13d4f940-eb8e-4e23-9b89-3bf5600a5f98,medal_code,STRING,
olympic_2021_details,13d4f940-eb8e-4e23-9b89-3bf5600a5f98,medal_date,STRING,
olympic_2021_details,13d4f940-eb8e-4e23-9b89-3bf5600a5f98,athlete_short_name,STRING,
olympic_2021_details,13d4f940-eb8e-4e23-9b89-3bf5600a5f98,athlete_name,STRING,
olympic_2021_details,13d4f940-eb8e-4e23-9b89-3bf5600a5f98,athlete_link,STRING,
olympic_2021_details,13d4f940-eb8e-4e23-9b89-3bf5600a5f98,country_code,STRING,
olympic_2021_details,13d4f940-eb8e-4e23-9b89-3bf5600a5f98,discipline_code,STRING,
olympic_2021_details,13d4f940-eb8e-4e23-9b89-3bf5600a5f98,event,STRING,
olympic_2021_details,13d4f940-eb8e-4e23-9b89-3bf5600a5f98,country,STRING,
olympic_2021_details,13d4f940-eb8e-4e23-9b89-3bf5600a5f98,discipline,STRING,
olympic_2021_details,13d4f940-eb8e-4e23-9b89-3bf5600a5f98,athlete_gender,STRING,
olympic_2021_details,13d4f940-eb8e-4e23-9b89-3bf5600a5f98,birth_date,STRING,
olympic_2021_details,13d4f940-eb8e-4e23-9b89-3bf5600a5f98,birth_place,STRING,
olympic_2021_details,13d4f940-eb8e-4e23-9b89-3bf5600a5f98,birth_country,STRING,
olympic_2021_details,13d4f940-eb8e-4e23-9b89-3bf5600a5f98,residence_place,STRING,
olympic_2021_details,13d4f940-eb8e-4e23-9b89-3bf5600a5f98,residence_country,STRING,
olympic_2021_details,13d4f940-eb8e-4e23-9b89-3bf5600a5f98,height_m/ft,STRING,
olympic_2021_details,13d4f940-eb8e-4e23-9b89-3bf5600a5f98,coach_name,STRING,
olympic_2021_details,13d4f940-eb8e-4e23-9b89-3bf5600a5f98,short_name[coach_full_2021],STRING,
olympic_2021_details,13d4f940-eb8e-4e23-9b89-3bf5600a5f98,gender[coach_full_2021],STRING,
olympic_2021_details,13d4f940-eb8e-4e23-9b89-3bf5600a5f98,birth_date[coach_full_2021],DATETIME,
olympic_2021_details,13d4f940-eb8e-4e23-9b89-3bf5600a5f98,url[coach_full_2021],STRING,
olympic_2021_details,13d4f940-eb8e-4e23-9b89-3bf5600a5f98,tech_official,STRING,
olympic_2021_details,13d4f940-eb8e-4e23-9b89-3bf5600a5f98,short_name[tech_official_2021],STRING,
olympic_2021_details,13d4f940-eb8e-4e23-9b89-3bf5600a5f98,gender[tech_official_2021],STRING,
olympic_2021_details,13d4f940-eb8e-4e23-9b89-3bf5600a5f98,birth_date[tech_official_2021],STRING,
olympic_2021_details,13d4f940-eb8e-4e23-9b89-3bf5600a5f98,country[tech_official_2021],STRING,
olympic_2021_details,13d4f940-eb8e-4e23-9b89-3bf5600a5f98,function_tech_official,STRING,
olympic_2021_details,13d4f940-eb8e-4e23-9b89-3bf5600a5f98,url[tech_official_2021],STRING,
covid-Vaccine,1d1f617e-644c-4822-a320-554f1204c8b2,country,STRING,
covid-Vaccine,1d1f617e-644c-4822-a320-554f1204c8b2,iso_code,STRING,
covid-Vaccine,1d1f617e-644c-4822-a320-554f1204c8b2,date,STRING,
covid-Vaccine,1d1f617e-644c-4822-a320-554f1204c8b2,total_vaccinations,INTEGER,
covid-Vaccine,1d1f617e-644c-4822-a320-554f1204c8b2,total_vaccinations_per_hundred,DECIMAL,
covid-Vaccine,1d1f617e-644c-4822-a320-554f1204c8b2,daily_vaccinations_raw,INTEGER,
covid-Vaccine,1d1f617e-644c-4822-a320-554f1204c8b2,daily_vaccinations,INTEGER,this is daily vaccination
covid-Vaccine,1d1f617e-644c-4822-a320-554f1204c8b2,daily_vaccinations_per_million,DECIMAL,
covid-Vaccine,1d1f617e-644c-4822-a320-554f1204c8b2,people_vaccinated,INTEGER,
covid-Vaccine,1d1f617e-644c-4822-a320-554f1204c8b2,people_vaccinated_per_hundred,DECIMAL,
covid-Vaccine,1d1f617e-644c-4822-a320-554f1204c8b2,people_fully_vaccinated,INTEGER,
covid-Vaccine,1d1f617e-644c-4822-a320-554f1204c8b2,people_fully_vaccinated_per_hundred,DECIMAL,
covid-Vaccine,1d1f617e-644c-4822-a320-554f1204c8b2,manu_country,STRING,
covid-Vaccine,1d1f617e-644c-4822-a320-554f1204c8b2,manu_date,STRING,
covid-Vaccine,1d1f617e-644c-4822-a320-554f1204c8b2,manu_vaccine,STRING,
covid-Vaccine,1d1f617e-644c-4822-a320-554f1204c8b2,manu_total_vaccinations,INTEGER,
covid-Vaccine,6ade8812-4e2a-453c-8e24-734a6b853c80,country,STRING,
covid-Vaccine,6ade8812-4e2a-453c-8e24-734a6b853c80,iso_code,STRING,
covid-Vaccine,6ade8812-4e2a-453c-8e24-734a6b853c80,date,STRING,
covid-Vaccine,6ade8812-4e2a-453c-8e24-734a6b853c80,total_vaccinations,INTEGER,
covid-Vaccine,6ade8812-4e2a-453c-8e24-734a6b853c80,total_vaccinations_per_hundred,DECIMAL,
covid-Vaccine,6ade8812-4e2a-453c-8e24-734a6b853c80,daily_vaccinations_raw,INTEGER,
covid-Vaccine,6ade8812-4e2a-453c-8e24-734a6b853c80,daily_vaccinations,INTEGER,this is daily vaccination
covid-Vaccine,6ade8812-4e2a-453c-8e24-734a6b853c80,daily_vaccinations_per_million,DECIMAL,
covid-Vaccine,6ade8812-4e2a-453c-8e24-734a6b853c80,people_vaccinated,INTEGER,
covid-Vaccine,6ade8812-4e2a-453c-8e24-734a6b853c80,people_vaccinated_per_hundred,DECIMAL,
covid-Vaccine,6ade8812-4e2a-453c-8e24-734a6b853c80,people_fully_vaccinated,INTEGER,
covid-Vaccine,6ade8812-4e2a-453c-8e24-734a6b853c80,people_fully_vaccinated_per_hundred,DECIMAL,
covid-Vaccine,6ade8812-4e2a-453c-8e24-734a6b853c80,manu_country,STRING,
covid-Vaccine,6ade8812-4e2a-453c-8e24-734a6b853c80,manu_date,STRING,
covid-Vaccine,6ade8812-4e2a-453c-8e24-734a6b853c80,manu_vaccine,STRING,
covid-Vaccine,6ade8812-4e2a-453c-8e24-734a6b853c80,manu_total_vaccinations,INTEGER,
nytimes_counties,7564ac39-c229-45fe-bb69-23038c130724,fips,STRING,
nytimes_counties,7564ac39-c229-45fe-bb69-23038c130724,admin2,STRING,
nytimes_counties,7564ac39-c229-45fe-bb69-23038c130724,province_state,STRING,
nytimes_counties,7564ac39-c229-45fe-bb69-23038c130724,country_region,STRING,
nytimes_counties,7564ac39-c229-45fe-bb69-23038c130724,last_update,STRING,
nytimes_counties,7564ac39-c229-45fe-bb69-23038c130724,latitude,DECIMAL,
nytimes_counties,7564ac39-c229-45fe-bb69-23038c130724,longitude,DECIMAL,
nytimes_counties,7564ac39-c229-45fe-bb69-23038c130724,confirmed,INTEGER,
nytimes_counties,7564ac39-c229-45fe-bb69-23038c130724,deaths,INTEGER,
nytimes_counties,7564ac39-c229-45fe-bb69-23038c130724,recovered,INTEGER,
nytimes_counties,7564ac39-c229-45fe-bb69-23038c130724,active,INTEGER,
nytimes_counties,7564ac39-c229-45fe-bb69-23038c130724,combined_key,STRING,
Business Review,766692ff-bb52-42c2-9bc7-10838f5155bc,Date,DATETIME,
Business Review,766692ff-bb52-42c2-9bc7-10838f5155bc,Customer ID,STRING,
Business Review,766692ff-bb52-42c2-9bc7-10838f5155bc,Customer Name,STRING,
Business Review,766692ff-bb52-42c2-9bc7-10838f5155bc,Customer Region,STRING,
Business Review,766692ff-bb52-42c2-9bc7-10838f5155bc,Segment,STRING,
Business Review,766692ff-bb52-42c2-9bc7-10838f5155bc,Service Line,STRING,
Business Review,766692ff-bb52-42c2-9bc7-10838f5155bc,Revenue Goal,DECIMAL,
Business Review,766692ff-bb52-42c2-9bc7-10838f5155bc,Billed Amount,DECIMAL,
Business Review,766692ff-bb52-42c2-9bc7-10838f5155bc,Cost,DECIMAL,
Business Review,766692ff-bb52-42c2-9bc7-10838f5155bc,Channel,STRING,
Business Review,766692ff-bb52-42c2-9bc7-10838f5155bc,Distinct ID,INTEGER,
us_state_vaccinations,7b669401-8bfd-4628-8412-28aa6be1ef4c,country,STRING,
us_state_vaccinations,7b669401-8bfd-4628-8412-28aa6be1ef4c,location,STRING,
us_state_vaccinations,7b669401-8bfd-4628-8412-28aa6be1ef4c,date,STRING,
us_state_vaccinations,7b669401-8bfd-4628-8412-28aa6be1ef4c,total_vaccinations,INTEGER,
us_state_vaccinations,7b669401-8bfd-4628-8412-28aa6be1ef4c,total_vaccinations_per_hundred,DECIMAL,
us_state_vaccinations,7b669401-8bfd-4628-8412-28aa6be1ef4c,daily_vaccinations_raw,INTEGER,
us_state_vaccinations,7b669401-8bfd-4628-8412-28aa6be1ef4c,daily_vaccinations,INTEGER,
us_state_vaccinations,7b669401-8bfd-4628-8412-28aa6be1ef4c,daily_vaccinations_per_million,DECIMAL,
us_state_vaccinations,7b669401-8bfd-4628-8412-28aa6be1ef4c,people_vaccinated,INTEGER,
us_state_vaccinations,7b669401-8bfd-4628-8412-28aa6be1ef4c,people_vaccinated_per_hundred,DECIMAL,
us_state_vaccinations,7b669401-8bfd-4628-8412-28aa6be1ef4c,people_fully_vaccinated,INTEGER,
us_state_vaccinations,7b669401-8bfd-4628-8412-28aa6be1ef4c,people_fully_vaccinated_per_hundred,DECIMAL,
us_state_vaccinations,7b669401-8bfd-4628-8412-28aa6be1ef4c,total_distributed,INTEGER,
us_state_vaccinations,7b669401-8bfd-4628-8412-28aa6be1ef4c,total_distributed_per_hundred,DECIMAL,
us_state_vaccinations,7b669401-8bfd-4628-8412-28aa6be1ef4c,share_doses_used,DECIMAL,
biopsdemo_499080683179,88af772d-51ea-422f-acdb-70ef7c304a85,case_id,STRING,
biopsdemo_499080683179,88af772d-51ea-422f-acdb-70ef7c304a85,requester_login,STRING,
biopsdemo_499080683179,88af772d-51ea-422f-acdb-70ef7c304a85,requester_name,STRING,
biopsdemo_499080683179,88af772d-51ea-422f-acdb-70ef7c304a85,request_time,STRING,
biopsdemo_499080683179,88af772d-51ea-422f-acdb-70ef7c304a85,short_description,STRING,
biopsdemo_499080683179,88af772d-51ea-422f-acdb-70ef7c304a85,detail_description,STRING,
biopsdemo_499080683179,88af772d-51ea-422f-acdb-70ef7c304a85,priority,INTEGER,
biopsdemo_499080683179,88af772d-51ea-422f-acdb-70ef7c304a85,environment,STRING,
biopsdemo_499080683179,88af772d-51ea-422f-acdb-70ef7c304a85,case_type,STRING,
biopsdemo_499080683179,88af772d-51ea-422f-acdb-70ef7c304a85,region,STRING,
biopsdemo_499080683179,88af772d-51ea-422f-acdb-70ef7c304a85,dashboard_names,STRING,
biopsdemo_499080683179,88af772d-51ea-422f-acdb-70ef7c304a85,assigned_to_individual_login,STRING,
biopsdemo_499080683179,88af772d-51ea-422f-acdb-70ef7c304a85,assinged_to_group,STRING,
biopsdemo_499080683179,88af772d-51ea-422f-acdb-70ef7c304a85,assingee_manager_login,STRING,
biopsdemo_499080683179,88af772d-51ea-422f-acdb-70ef7c304a85,last_modified_by,STRING,
biopsdemo_499080683179,88af772d-51ea-422f-acdb-70ef7c304a85,last_modification_time,STRING,
biopsdemo_499080683179,88af772d-51ea-422f-acdb-70ef7c304a85,status,STRING,
biopsdemo_499080683179,88af772d-51ea-422f-acdb-70ef7c304a85,closure_code,STRING,
biopsdemo_499080683179,88af772d-51ea-422f-acdb-70ef7c304a85,resolution,STRING,
biopsdemo_499080683179,88af772d-51ea-422f-acdb-70ef7c304a85,resolved_by,STRING,
biopsdemo_499080683179,88af772d-51ea-422f-acdb-70ef7c304a85,pending_reason,STRING,
biopsdemo_499080683179,88af772d-51ea-422f-acdb-70ef7c304a85,impact,INTEGER,
biopsdemo_499080683179,88af772d-51ea-422f-acdb-70ef7c304a85,impact_label,STRING,
history_olympic_RLS,94bd1a69-f4c4-4721-ba1b-81cc89484835,UserName,STRING,
history_olympic_RLS,94bd1a69-f4c4-4721-ba1b-81cc89484835,noc,STRING,
history_olympic_RLS,94bd1a69-f4c4-4721-ba1b-81cc89484835,sport,STRING,
history_olympic_RLS,94bd1a69-f4c4-4721-ba1b-81cc89484835,name,STRING,
olympics_2021,a5807b01-9d03-4d62-b8c9-7f92aa4c0571,Player Name,STRING,
olympics_2021,a5807b01-9d03-4d62-b8c9-7f92aa4c0571,Country,STRING,
olympics_2021,a5807b01-9d03-4d62-b8c9-7f92aa4c0571,discipline,STRING,
olympics_2021,a5807b01-9d03-4d62-b8c9-7f92aa4c0571,Coach Name,STRING,
olympics_2021,a5807b01-9d03-4d62-b8c9-7f92aa4c0571,Event Detail,STRING,
olympics_2021,a5807b01-9d03-4d62-b8c9-7f92aa4c0571,# of Female,INTEGER,
olympics_2021,a5807b01-9d03-4d62-b8c9-7f92aa4c0571,# of Male,INTEGER,
olympics_2021,a5807b01-9d03-4d62-b8c9-7f92aa4c0571,# of Total,INTEGER,
olympics_2021,a5807b01-9d03-4d62-b8c9-7f92aa4c0571,event[teams_2021],STRING,
Admin-Console-CFN-Main,Admin-Console-CFN-Main,accountid,STRING,
Admin-Console-CFN-Main,Admin-Console-CFN-Main,user_name,STRING,
Admin-Console-CFN-Main,Admin-Console-CFN-Main,awsregion,STRING,
Admin-Console-CFN-Main,Admin-Console-CFN-Main,dashboard_name,STRING,
Admin-Console-CFN-Main,Admin-Console-CFN-Main,dashboardid,STRING,
Admin-Console-CFN-Main,Admin-Console-CFN-Main,event_time,DATETIME,
Admin-Console-CFN-Main,Admin-Console-CFN-Main,latest_event_time,DATETIME,
Admin-Console-CFN-Main,Admin-Console-CFN-Main,namespace,STRING,
Admin-Console-CFN-Main,Admin-Console-CFN-Main,group,STRING,
Admin-Console-CFN-Main,Admin-Console-CFN-Main,email,STRING,
Admin-Console-CFN-Main,Admin-Console-CFN-Main,role,STRING,
Admin-Console-CFN-Main,Admin-Console-CFN-Main,identity_type,STRING,
Admin-Console-CFN-Main,Admin-Console-CFN-Main,firstlogin,STRING,
Admin-Console-CFN-Main,Admin-Console-CFN-Main,lastlogin,STRING,
Admin-Console-CFN-Main,Admin-Console-CFN-Main,owner_viewer,STRING,
Admin-Console-CFN-Main,Admin-Console-CFN-Main,ownership,STRING,
Admin-Console-CFN-Main,Admin-Console-CFN-Main,Earliest Login,DATETIME,
Admin-Console-CFN-Main,Admin-Console-CFN-Main,Latest Login,DATETIME,
Admin-Console-Group-Membership,Admin-Console-Group-Membership,account_id,STRING,
Admin-Console-Group-Membership,Admin-Console-Group-Membership,namespace,STRING,
Admin-Console-Group-Membership,Admin-Console-Group-Membership,group,STRING,
Admin-Console-Group-Membership,Admin-Console-Group-Membership,user,STRING,
Admin-Console-Group-Membership,Admin-Console-Group-Membership,email,STRING,
Admin-Console-Group-Membership,Admin-Console-Group-Membership,role,STRING,
Admin-Console-Group-Membership,Admin-Console-Group-Membership,identity_type,STRING,
Admin-Console-Object-Access,Admin-Console-Object-Access,account_id,STRING,
Admin-Console-Object-Access,Admin-Console-Object-Access,aws_region,STRING,
Admin-Console-Object-Access,Admin-Console-Object-Access,object_type,STRING,
Admin-Console-Object-Access,Admin-Console-Object-Access,object_name,STRING,
Admin-Console-Object-Access,Admin-Console-Object-Access,object_id,STRING,
Admin-Console-Object-Access,Admin-Console-Object-Access,principal_type,STRING,
Admin-Console-Object-Access,Admin-Console-Object-Access,principal_name,STRING,
Admin-Console-Object-Access,Admin-Console-Object-Access,permissions,STRING,
Admin-Console-Object-Access,Admin-Console-Object-Access,namespace,STRING,
Admin-Console-Object-Access,Admin-Console-Object-Access,user_aws_account_id,STRING,
Admin-Console-Object-Access,Admin-Console-Object-Access,group,STRING,
Admin-Console-Object-Access,Admin-Console-Object-Access,user,STRING,
Admin-Console-Object-Access,Admin-Console-Object-Access,email,STRING,
Admin-Console-Object-Access,Admin-Console-Object-Access,role,STRING,
Admin-Console-Object-Access,Admin-Console-Object-Access,identity_type,STRING,
Admin-Console-dataset-info,Admin-Console-dataset-info,aws_region,STRING,
Admin-Console-dataset-info,Admin-Console-dataset-info,dashboard_name,STRING,
Admin-Console-dataset-info,Admin-Console-dataset-info,dashboardid,STRING,
Admin-Console-dataset-info,Admin-Console-dataset-info,analysis,STRING,
Admin-Console-dataset-info,Admin-Console-dataset-info,analysis_id,STRING,
Admin-Console-dataset-info,Admin-Console-dataset-info,dataset_name,STRING,
Admin-Console-dataset-info,Admin-Console-dataset-info,dataset_id,STRING,
Admin-Console-dataset-info,Admin-Console-dataset-info,lastupdatedtime,STRING,
Admin-Console-dataset-info,Admin-Console-dataset-info,data_source_name,STRING,
Admin-Console-dataset-info,Admin-Console-dataset-info,data_source_id,STRING,
Admin-Console-dataset-info,Admin-Console-dataset-info,catalog,STRING,
Admin-Console-dataset-info,Admin-Console-dataset-info,sqlname/schema,STRING,
Admin-Console-dataset-info,Admin-Console-dataset-info,sqlquery/table_name,STRING,
Admin-Console-dataset-info,Admin-Console-dataset-info,datasetname,STRING,
Admin-Console-dataset-info,Admin-Console-dataset-info,datasetid,STRING,
Admin-Console-dataset-info,Admin-Console-dataset-info,columnname,STRING,
Admin-Console-dataset-info,Admin-Console-dataset-info,columntype,STRING,
Admin-Console-dataset-info,Admin-Console-dataset-info,columndesc,STRING,
Sales Pipeline,bbbbab30-2f7a-489c-9bbb-204e6c0d365a,Date,DATETIME,
Sales Pipeline,bbbbab30-2f7a-489c-9bbb-204e6c0d365a,Salesperson,STRING,
Sales Pipeline,bbbbab30-2f7a-489c-9bbb-204e6c0d365a,Lead Name,STRING,
Sales Pipeline,bbbbab30-2f7a-489c-9bbb-204e6c0d365a,Segment,STRING,
Sales Pipeline,bbbbab30-2f7a-489c-9bbb-204e6c0d365a,Region,STRING,
Sales Pipeline,bbbbab30-2f7a-489c-9bbb-204e6c0d365a,Target Close,DATETIME,
Sales Pipeline,bbbbab30-2f7a-489c-9bbb-204e6c0d365a,Forecasted Monthly Revenue,INTEGER,
Sales Pipeline,bbbbab30-2f7a-489c-9bbb-204e6c0d365a,Opportunity Stage,STRING,
Sales Pipeline,bbbbab30-2f7a-489c-9bbb-204e6c0d365a,Weighted Revenue,INTEGER,
Sales Pipeline,bbbbab30-2f7a-489c-9bbb-204e6c0d365a,Is Closed,STRING,
Sales Pipeline,bbbbab30-2f7a-489c-9bbb-204e6c0d365a,ActiveItem,STRING,
Sales Pipeline,bbbbab30-2f7a-489c-9bbb-204e6c0d365a,IsLatest,INTEGER,
olympics,c4b922f0-f6d4-43d1-87f5-ff891fd37bd1,id,INTEGER,
olympics,c4b922f0-f6d4-43d1-87f5-ff891fd37bd1,name,STRING,
olympics,c4b922f0-f6d4-43d1-87f5-ff891fd37bd1,sex,STRING,
olympics,c4b922f0-f6d4-43d1-87f5-ff891fd37bd1,age,INTEGER,
olympics,c4b922f0-f6d4-43d1-87f5-ff891fd37bd1,height,DECIMAL,
olympics,c4b922f0-f6d4-43d1-87f5-ff891fd37bd1,weight,DECIMAL,
olympics,c4b922f0-f6d4-43d1-87f5-ff891fd37bd1,team,STRING,
olympics,c4b922f0-f6d4-43d1-87f5-ff891fd37bd1,noc,STRING,
olympics,c4b922f0-f6d4-43d1-87f5-ff891fd37bd1,games,STRING,
olympics,c4b922f0-f6d4-43d1-87f5-ff891fd37bd1,year,STRING,
olympics,c4b922f0-f6d4-43d1-87f5-ff891fd37bd1,season,STRING,
olympics,c4b922f0-f6d4-43d1-87f5-ff891fd37bd1,city,STRING,
olympics,c4b922f0-f6d4-43d1-87f5-ff891fd37bd1,sport,STRING,
olympics,c4b922f0-f6d4-43d1-87f5-ff891fd37bd1,event,STRING,
olympics,c4b922f0-f6d4-43d1-87f5-ff891fd37bd1,medal,STRING,
test,c4e74efd-82a2-479f-ae27-2ede450735da,Patient ID,INTEGER,
test,c4e74efd-82a2-479f-ae27-2ede450735da,Admit Date,DATETIME,
test,c4e74efd-82a2-479f-ae27-2ede450735da,Discharge Date,DATETIME,
test,c4e74efd-82a2-479f-ae27-2ede450735da,Priority,STRING,
test,c4e74efd-82a2-479f-ae27-2ede450735da,Hospital,STRING,
test,c4e74efd-82a2-479f-ae27-2ede450735da,Profit,DECIMAL,
test,c4e74efd-82a2-479f-ae27-2ede450735da,Price,DECIMAL,
test,c4e74efd-82a2-479f-ae27-2ede450735da,Cost,DECIMAL,
test,c4e74efd-82a2-479f-ae27-2ede450735da,Revenue,DECIMAL,
test,c4e74efd-82a2-479f-ae27-2ede450735da,Discount,DECIMAL,
test,c4e74efd-82a2-479f-ae27-2ede450735da,Payor Segment,STRING,
test,c4e74efd-82a2-479f-ae27-2ede450735da,Category,STRING,
test,c4e74efd-82a2-479f-ae27-2ede450735da,Sub Category,STRING,
test,c4e74efd-82a2-479f-ae27-2ede450735da,Function,STRING,
test,c4e74efd-82a2-479f-ae27-2ede450735da,Service,STRING,
test,c4e74efd-82a2-479f-ae27-2ede450735da,State,STRING,
test,c4e74efd-82a2-479f-ae27-2ede450735da,Zip Code,INTEGER,
test,c4e74efd-82a2-479f-ae27-2ede450735da,Physician,STRING,
test,c4e74efd-82a2-479f-ae27-2ede450735da,Region,STRING,
2021_RLS,c6bc5abf-f358-4f28-9fdc-5c07dfe637f8,GroupName,STRING,
2021_RLS,c6bc5abf-f358-4f28-9fdc-5c07dfe637f8,UserName,STRING,
2021_RLS,c6bc5abf-f358-4f28-9fdc-5c07dfe637f8,country_code,STRING,
2021_RLS,c6bc5abf-f358-4f28-9fdc-5c07dfe637f8,discipline,STRING,
2021_RLS,c6bc5abf-f358-4f28-9fdc-5c07dfe637f8,function_tech_official,STRING,
2021_RLS,c6bc5abf-f358-4f28-9fdc-5c07dfe637f8,coach_name,STRING,
2021_RLS,c6bc5abf-f358-4f28-9fdc-5c07dfe637f8,athlete_name,STRING,
2021_RLS,c6bc5abf-f358-4f28-9fdc-5c07dfe637f8,tech_official,STRING,
covid_testing_states_daily,d43be7eb-937e-49e3-8d60-ef736e6cb92d,date,STRING,
covid_testing_states_daily,d43be7eb-937e-49e3-8d60-ef736e6cb92d,state,STRING,
covid_testing_states_daily,d43be7eb-937e-49e3-8d60-ef736e6cb92d,positive,DECIMAL,
covid_testing_states_daily,d43be7eb-937e-49e3-8d60-ef736e6cb92d,negative,DECIMAL,
covid_testing_states_daily,d43be7eb-937e-49e3-8d60-ef736e6cb92d,pending,DECIMAL,
covid_testing_states_daily,d43be7eb-937e-49e3-8d60-ef736e6cb92d,hospitalized,DECIMAL,
covid_testing_states_daily,d43be7eb-937e-49e3-8d60-ef736e6cb92d,death,DECIMAL,
covid_testing_states_daily,d43be7eb-937e-49e3-8d60-ef736e6cb92d,total,DECIMAL,
covid_testing_states_daily,d43be7eb-937e-49e3-8d60-ef736e6cb92d,hash,STRING,
covid_testing_states_daily,d43be7eb-937e-49e3-8d60-ef736e6cb92d,datechecked,STRING,
covid_testing_states_daily,d43be7eb-937e-49e3-8d60-ef736e6cb92d,totaltestresults,DECIMAL,
covid_testing_states_daily,d43be7eb-937e-49e3-8d60-ef736e6cb92d,fips,STRING,
covid_testing_states_daily,d43be7eb-937e-49e3-8d60-ef736e6cb92d,deathincrease,DECIMAL,
covid_testing_states_daily,d43be7eb-937e-49e3-8d60-ef736e6cb92d,hospitalizedincrease,DECIMAL,
covid_testing_states_daily,d43be7eb-937e-49e3-8d60-ef736e6cb92d,negativeincrease,DECIMAL,
covid_testing_states_daily,d43be7eb-937e-49e3-8d60-ef736e6cb92d,positiveincrease,DECIMAL,
covid_testing_states_daily,d43be7eb-937e-49e3-8d60-ef736e6cb92d,totaltestresultsincrease,DECIMAL,
People Overview,f9d2f374-72ba-4784-9c7b-3aff18300317,Date,DATETIME,
People Overview,f9d2f374-72ba-4784-9c7b-3aff18300317,Employee Name,STRING,
People Overview,f9d2f374-72ba-4784-9c7b-3aff18300317,Employee ID,STRING,
People Overview,f9d2f374-72ba-4784-9c7b-3aff18300317,Tenure,INTEGER,
People Overview,f9d2f374-72ba-4784-9c7b-3aff18300317,Monthly Compensation,DECIMAL,
People Overview,f9d2f374-72ba-4784-9c7b-3aff18300317,Date of Birth,DATETIME,
People Overview,f9d2f374-72ba-4784-9c7b-3aff18300317,Gender,STRING,
People Overview,f9d2f374-72ba-4784-9c7b-3aff18300317,Education,STRING,
People Overview,f9d2f374-72ba-4784-9c7b-3aff18300317,Event Type,STRING,
People Overview,f9d2f374-72ba-4784-9c7b-3aff18300317,Region,STRING,
People Overview,f9d2f374-72ba-4784-9c7b-3aff18300317,Business Function,STRING,
People Overview,f9d2f374-72ba-4784-9c7b-3aff18300317,Job Family,STRING,
People Overview,f9d2f374-72ba-4784-9c7b-3aff18300317,Job Level,STRING,
People Overview,f9d2f374-72ba-4784-9c7b-3aff18300317,Notes,STRING,
People Overview,f9d2f374-72ba-4784-9c7b-3aff18300317,isUnique,STRING,
