499080683179,default,,admin/imaitri-Isengard,imaitri@amazon.com,ADMIN,IAM
499080683179,default,,yingliao422@gmail.com,yingliao422@gmail.com,AUTHOR,QUICKSIGHT
499080683179,default,EmbeddedReaderGrp,QSER/DemoUser,wangzyn@amazon.com,READER,IAM
499080683179,default,olympic,GUOJingjing,GUOJingjing@olympics.com,READER,QUICKSIGHT
499080683179,default,Diving-Judge,GUOJingjing,GUOJingjing@olympics.com,READER,QUICKSIGHT
499080683179,default,CHN,GUOJingjing,GUOJingjing@olympics.com,READER,QUICKSIGHT
499080683179,default,Diving,GUOJingjing,GUOJingjing@olympics.com,READER,QUICKSIGHT
499080683179,default,WaterPolo,GUOJingjing,GUOJingjing@olympics.com,READER,QUICKSIGHT
499080683179,default,,liaoying@amazon.com,liaoying@amazon.com,ADMIN,QUICKSIGHT
499080683179,default,,admin/liaoying-Isengard,liaoying@amazon.com,ADMIN,IAM
499080683179,default,EmbeddedDemoReaders,QSDER/DemoUser,liaoying@amazon.com,READER,IAM
499080683179,default,,ginnim@amazon.com,ginnim@amazon.com,ADMIN,QUICKSIGHT
499080683179,default,olympic,ANDREWMichael,ANDREWMichael@olympics.com,READER,QUICKSIGHT
499080683179,default,,yellanu@amazon.com,yellanu@amazon.com,AUTHOR,QUICKSIGHT
499080683179,default,,quicksight-migration-user,quicksight-migration-user@test.com,ADMIN,QUICKSIGHT
499080683179,default,,admin/wangzyn-Isengard,wangzyn@amazon.com,ADMIN,IAM
499080683179,default,,admin/bhadrir-Isengard,bhadrir@amazon.com,ADMIN,IAM
499080683179,default,,sam-qs-test-user,test@test.com,ADMIN,IAM
499080683179,default,Volleyball,KIRALYKarch,KIRALYKarch@olympics.com,READER,QUICKSIGHT
499080683179,default,olympic,KIRALYKarch,KIRALYKarch@olympics.com,READER,QUICKSIGHT
499080683179,default,USA,KIRALYKarch,KIRALYKarch@olympics.com,READER,QUICKSIGHT
499080683179,default,,admin/ginnim-Isengard,ginnim@amazon.com,ADMIN,IAM
499080683179,default,,admin/samrutr-Isengard,test@test.com,ADMIN,IAM
499080683179,default,,snadams@amazon.com,snadams@amazon.com,AUTHOR,QUICKSIGHT
499080683179,default,olympic,QUANHongchan,QUANHongchan@olympics.com,READER,QUICKSIGHT
