499080683179,us-east-1,dashboard,Sales 360,42db88c5-afba-4477-8036-b72a48ce16a3,user,admin/wangzyn-Isengard,default,quicksight:DescribeDashboard|quicksight:ListDashboardVersions|quicksight:UpdateDashboardPermissions|quicksight:QueryDashboard|quicksight:UpdateDashboard|quicksight:DeleteDashboard|quicksight:DescribeDashboardPermissions|quicksight:UpdateDashboardPublishedVersion
499080683179,us-east-1,dashboard,admin-console-dashboard,admin-console499080683179,user,admin/imaitri-Isengard,default,quicksight:DescribeDashboard|quicksight:ListDashboardVersions|quicksight:UpdateDashboardPermissions|quicksight:QueryDashboard|quicksight:UpdateDashboard|quicksight:DeleteDashboard|quicksight:DescribeDashboardPermissions|quicksight:UpdateDashboardPublishedVersion
499080683179,us-east-1,dashboard,Wine and enjoy your life,a3010fe8-fe10-4bf7-a48f-48fc22ee428b,user,liaoying@amazon.com,default,quicksight:DescribeDashboard|quicksight:ListDashboardVersions|quicksight:UpdateDashboardPermissions|quicksight:QueryDashboard|quicksight:UpdateDashboard|quicksight:DeleteDashboard|quicksight:DescribeDashboardPermissions|quicksight:UpdateDashboardPublishedVersion
499080683179,us-east-1,dashboard,Wine and enjoy your life,a3010fe8-fe10-4bf7-a48f-48fc22ee428b,user,admin/wangzyn-Isengard,default,quicksight:DescribeDashboard|quicksight:ListDashboardVersions|quicksight:UpdateDashboardPermissions|quicksight:QueryDashboard|quicksight:UpdateDashboard|quicksight:DeleteDashboard|quicksight:DescribeDashboardPermissions|quicksight:UpdateDashboardPublishedVersion
499080683179,us-east-1,dashboard,Wine and enjoy your life,a3010fe8-fe10-4bf7-a48f-48fc22ee428b,group,EmbeddedReaderGrp,default,quicksight:DescribeDashboard|quicksight:ListDashboardVersions|quicksight:QueryDashboard
499080683179,us-east-1,dashboard,Wine and enjoy your life,a3010fe8-fe10-4bf7-a48f-48fc22ee428b,user,QSER/DemoUser,default,quicksight:DescribeDashboard|quicksight:ListDashboardVersions|quicksight:QueryDashboard
499080683179,us-east-1,dashboard,Wine and enjoy your life,a3010fe8-fe10-4bf7-a48f-48fc22ee428b,user,admin/ginnim-Isengard,default,quicksight:DescribeDashboard|quicksight:ListDashboardVersions|quicksight:UpdateDashboardPermissions|quicksight:QueryDashboard|quicksight:UpdateDashboard|quicksight:DeleteDashboard|quicksight:DescribeDashboardPermissions|quicksight:UpdateDashboardPublishedVersion
499080683179,us-east-1,dashboard,Wine and enjoy your life,a3010fe8-fe10-4bf7-a48f-48fc22ee428b,user,admin/liaoying-Isengard,default,quicksight:DescribeDashboard|quicksight:ListDashboardVersions|quicksight:UpdateDashboardPermissions|quicksight:QueryDashboard|quicksight:UpdateDashboard|quicksight:DeleteDashboard|quicksight:DescribeDashboardPermissions|quicksight:UpdateDashboardPublishedVersion
499080683179,us-east-1,dashboard,Wine and enjoy your life,a3010fe8-fe10-4bf7-a48f-48fc22ee428b,user,ginnim@amazon.com,default,quicksight:DescribeDashboard|quicksight:ListDashboardVersions|quicksight:UpdateDashboardPermissions|quicksight:QueryDashboard|quicksight:UpdateDashboard|quicksight:DeleteDashboard|quicksight:DescribeDashboardPermissions|quicksight:UpdateDashboardPublishedVersion
499080683179,us-east-1,dashboard,Olympics,4c93f2c7-62a0-4ca6-8c90-ba5475dbf64f,user,admin/wangzyn-Isengard,default,quicksight:DescribeDashboard|quicksight:ListDashboardVersions|quicksight:UpdateDashboardPermissions|quicksight:QueryDashboard|quicksight:UpdateDashboard|quicksight:DeleteDashboard|quicksight:DescribeDashboardPermissions|quicksight:UpdateDashboardPublishedVersion
499080683179,us-east-1,dashboard,Olympics,4c93f2c7-62a0-4ca6-8c90-ba5475dbf64f,user,admin/ginnim-Isengard,default,quicksight:DescribeDashboard|quicksight:ListDashboardVersions|quicksight:UpdateDashboardPermissions|quicksight:QueryDashboard|quicksight:UpdateDashboard|quicksight:DeleteDashboard|quicksight:DescribeDashboardPermissions|quicksight:UpdateDashboardPublishedVersion
499080683179,us-east-1,dashboard,Olympics,4c93f2c7-62a0-4ca6-8c90-ba5475dbf64f,user,admin/liaoying-Isengard,default,quicksight:DescribeDashboard|quicksight:ListDashboardVersions|quicksight:UpdateDashboardPermissions|quicksight:QueryDashboard|quicksight:UpdateDashboard|quicksight:DeleteDashboard|quicksight:DescribeDashboardPermissions|quicksight:UpdateDashboardPublishedVersion
499080683179,us-east-1,dashboard,Olympics,4c93f2c7-62a0-4ca6-8c90-ba5475dbf64f,group,olympic,default,quicksight:DescribeDashboard|quicksight:ListDashboardVersions|quicksight:QueryDashboard
499080683179,us-east-1,dashboard,Data Con La 2021 - Olympics Data,e93f0ec3-c872-4d6e-90ba-3e3ab52724c8,user,admin/wangzyn-Isengard,default,quicksight:DescribeDashboard|quicksight:ListDashboardVersions|quicksight:UpdateDashboardPermissions|quicksight:QueryDashboard|quicksight:UpdateDashboard|quicksight:DeleteDashboard|quicksight:DescribeDashboardPermissions|quicksight:UpdateDashboardPublishedVersion
499080683179,us-east-1,dashboard,Data Con La 2021 - Olympics Data,e93f0ec3-c872-4d6e-90ba-3e3ab52724c8,user,admin/ginnim-Isengard,default,quicksight:DescribeDashboard|quicksight:ListDashboardVersions|quicksight:UpdateDashboardPermissions|quicksight:QueryDashboard|quicksight:UpdateDashboard|quicksight:DeleteDashboard|quicksight:DescribeDashboardPermissions|quicksight:UpdateDashboardPublishedVersion
499080683179,us-east-1,dashboard,Ian backup 09122021,49651ee7-ac2f-4e03-b8f1-47542b1b5f42,user,admin/liaoying-Isengard,default,quicksight:DescribeDashboard|quicksight:ListDashboardVersions|quicksight:UpdateDashboardPermissions|quicksight:QueryDashboard|quicksight:UpdateDashboard|quicksight:DeleteDashboard|quicksight:DescribeDashboardPermissions|quicksight:UpdateDashboardPublishedVersion
499080683179,us-east-1,dashboard,Covid-19 Vaccine,3e204833-2e27-40bb-9078-55c54ddc0687,user,admin/wangzyn-Isengard,default,quicksight:DescribeDashboard|quicksight:ListDashboardVersions|quicksight:UpdateDashboardPermissions|quicksight:QueryDashboard|quicksight:UpdateDashboard|quicksight:DeleteDashboard|quicksight:DescribeDashboardPermissions|quicksight:UpdateDashboardPublishedVersion
499080683179,us-east-1,dashboard,biopsdemo_dashboard,938b365e-c001-4723-9a27-029654da7532,user,sam-qs-test-user,default,quicksight:DescribeDashboard|quicksight:ListDashboardVersions|quicksight:UpdateDashboardPermissions|quicksight:QueryDashboard|quicksight:UpdateDashboard|quicksight:DeleteDashboard|quicksight:DescribeDashboardPermissions|quicksight:UpdateDashboardPublishedVersion
499080683179,us-east-1,dashboard,biopsdemo_dashboard,938b365e-c001-4723-9a27-029654da7532,user,admin/wangzyn-Isengard,default,quicksight:DescribeDashboard|quicksight:ListDashboardVersions|quicksight:UpdateDashboardPermissions|quicksight:QueryDashboard|quicksight:UpdateDashboard|quicksight:DeleteDashboard|quicksight:DescribeDashboardPermissions|quicksight:UpdateDashboardPublishedVersion
499080683179,us-east-1,dashboard,biopsdemo_dashboard,938b365e-c001-4723-9a27-029654da7532,user,admin/samrutr-Isengard,default,quicksight:DescribeDashboard|quicksight:ListDashboardVersions|quicksight:UpdateDashboardPermissions|quicksight:QueryDashboard|quicksight:UpdateDashboard|quicksight:DeleteDashboard|quicksight:DescribeDashboardPermissions|quicksight:UpdateDashboardPublishedVersion
499080683179,us-east-1,dashboard,biopsdemo_dashboard,938b365e-c001-4723-9a27-029654da7532,user,admin/bhadrir-Isengard,default,quicksight:DescribeDashboard|quicksight:ListDashboardVersions|quicksight:UpdateDashboardPermissions|quicksight:QueryDashboard|quicksight:UpdateDashboard|quicksight:DeleteDashboard|quicksight:DescribeDashboardPermissions|quicksight:UpdateDashboardPublishedVersion
499080683179,us-east-1,dashboard,Olympics-Analyticon,14dd48c7-d152-412c-b18f-37bdd47985ea,user,QSDER/DemoUser,default,quicksight:DescribeDashboard|quicksight:ListDashboardVersions|quicksight:QueryDashboard
499080683179,us-east-1,dashboard,Olympics-Analyticon,14dd48c7-d152-412c-b18f-37bdd47985ea,user,admin/liaoying-Isengard,default,quicksight:DescribeDashboard|quicksight:ListDashboardVersions|quicksight:UpdateDashboardPermissions|quicksight:QueryDashboard|quicksight:UpdateDashboard|quicksight:DeleteDashboard|quicksight:DescribeDashboardPermissions|quicksight:UpdateDashboardPublishedVersion
499080683179,us-east-1,dataset,medals_2021,03b201e9-767d-4ed5-a35b-e029ff2c888c,user,admin/wangzyn-Isengard,admin,quicksight:UpdateDataSetPermissions|quicksight:DescribeDataSet|quicksight:DescribeDataSetPermissions|quicksight:PassDataSet|quicksight:DescribeIngestion|quicksight:ListIngestions|quicksight:UpdateDataSet|quicksight:DeleteDataSet|quicksight:CreateIngestion|quicksight:CancelIngestion
499080683179,us-east-1,dataset,medals_2021,03b201e9-767d-4ed5-a35b-e029ff2c888c,user,admin/ginnim-Isengard,admin,quicksight:UpdateDataSetPermissions|quicksight:DescribeDataSet|quicksight:DescribeDataSetPermissions|quicksight:PassDataSet|quicksight:DescribeIngestion|quicksight:ListIngestions|quicksight:UpdateDataSet|quicksight:DeleteDataSet|quicksight:CreateIngestion|quicksight:CancelIngestion
499080683179,us-east-1,dataset,olympic_2021_details,13d4f940-eb8e-4e23-9b89-3bf5600a5f98,user,admin/wangzyn-Isengard,admin,quicksight:UpdateDataSetPermissions|quicksight:DescribeDataSet|quicksight:DescribeDataSetPermissions|quicksight:PassDataSet|quicksight:DescribeIngestion|quicksight:ListIngestions|quicksight:UpdateDataSet|quicksight:DeleteDataSet|quicksight:CreateIngestion|quicksight:CancelIngestion
499080683179,us-east-1,dataset,olympic_2021_details,13d4f940-eb8e-4e23-9b89-3bf5600a5f98,group,Judge,default,quicksight:DescribeDataSet|quicksight:DescribeDataSetPermissions|quicksight:PassDataSet|quicksight:DescribeIngestion|quicksight:ListIngestions
499080683179,us-east-1,dataset,covid-Vaccine,1d1f617e-644c-4822-a320-554f1204c8b2,user,admin/wangzyn-Isengard,admin,quicksight:UpdateDataSetPermissions|quicksight:DescribeDataSet|quicksight:DescribeDataSetPermissions|quicksight:PassDataSet|quicksight:DescribeIngestion|quicksight:ListIngestions|quicksight:UpdateDataSet|quicksight:DeleteDataSet|quicksight:CreateIngestion|quicksight:CancelIngestion
499080683179,us-east-1,dataset,covid-Vaccine,1d1f617e-644c-4822-a320-554f1204c8b2,user,admin/ginnim-Isengard,admin,quicksight:UpdateDataSetPermissions|quicksight:DescribeDataSet|quicksight:DescribeDataSetPermissions|quicksight:PassDataSet|quicksight:DescribeIngestion|quicksight:ListIngestions|quicksight:UpdateDataSet|quicksight:DeleteDataSet|quicksight:CreateIngestion|quicksight:CancelIngestion
499080683179,us-east-1,dataset,covid-Vaccine,1d1f617e-644c-4822-a320-554f1204c8b2,user,admin/liaoying-Isengard,admin,quicksight:UpdateDataSetPermissions|quicksight:DescribeDataSet|quicksight:DescribeDataSetPermissions|quicksight:PassDataSet|quicksight:DescribeIngestion|quicksight:ListIngestions|quicksight:UpdateDataSet|quicksight:DeleteDataSet|quicksight:CreateIngestion|quicksight:CancelIngestion
499080683179,us-east-1,dataset,Women-in-the-Olympic-Movement,2da0920d-b5aa-4b80-ab28-089dfbd345df,user,admin/wangzyn-Isengard,admin,quicksight:UpdateDataSetPermissions|quicksight:DescribeDataSet|quicksight:DescribeDataSetPermissions|quicksight:PassDataSet|quicksight:DescribeIngestion|quicksight:ListIngestions|quicksight:UpdateDataSet|quicksight:DeleteDataSet|quicksight:CreateIngestion|quicksight:CancelIngestion
499080683179,us-east-1,dataset,olympics_demo,4fbeafc0-62b8-4510-ab48-1becc62aed47,user,admin/ginnim-Isengard,admin,quicksight:UpdateDataSetPermissions|quicksight:DescribeDataSet|quicksight:DescribeDataSetPermissions|quicksight:PassDataSet|quicksight:DescribeIngestion|quicksight:ListIngestions|quicksight:UpdateDataSet|quicksight:DeleteDataSet|quicksight:CreateIngestion|quicksight:CancelIngestion
499080683179,us-east-1,dataset,Demo Data,4ff6797c-e1fd-459e-a5d0-827918f272c4,user,admin/wangzyn-Isengard,admin,quicksight:UpdateDataSetPermissions|quicksight:DescribeDataSet|quicksight:DescribeDataSetPermissions|quicksight:PassDataSet|quicksight:DescribeIngestion|quicksight:ListIngestions|quicksight:UpdateDataSet|quicksight:DeleteDataSet|quicksight:CreateIngestion|quicksight:CancelIngestion
499080683179,us-east-1,dataset,Demo Data,4ff6797c-e1fd-459e-a5d0-827918f272c4,user,admin/ginnim-Isengard,admin,quicksight:UpdateDataSetPermissions|quicksight:DescribeDataSet|quicksight:DescribeDataSetPermissions|quicksight:PassDataSet|quicksight:DescribeIngestion|quicksight:ListIngestions|quicksight:UpdateDataSet|quicksight:DeleteDataSet|quicksight:CreateIngestion|quicksight:CancelIngestion
499080683179,us-east-1,dataset,Demo Data,4ff6797c-e1fd-459e-a5d0-827918f272c4,user,admin/liaoying-Isengard,admin,quicksight:UpdateDataSetPermissions|quicksight:DescribeDataSet|quicksight:DescribeDataSetPermissions|quicksight:PassDataSet|quicksight:DescribeIngestion|quicksight:ListIngestions|quicksight:UpdateDataSet|quicksight:DeleteDataSet|quicksight:CreateIngestion|quicksight:CancelIngestion
499080683179,us-east-1,dataset,Patient-Info,500a6341-53ca-4837-827e-be74a969bd06,user,admin/liaoying-Isengard,admin,quicksight:UpdateDataSetPermissions|quicksight:DescribeDataSet|quicksight:DescribeDataSetPermissions|quicksight:PassDataSet|quicksight:DescribeIngestion|quicksight:ListIngestions|quicksight:UpdateDataSet|quicksight:DeleteDataSet|quicksight:CreateIngestion|quicksight:CancelIngestion
499080683179,us-east-1,dataset,title.ratings,680828c8-084d-4b9d-bb9b-0613722f72c8,user,admin/wangzyn-Isengard,admin,quicksight:UpdateDataSetPermissions|quicksight:DescribeDataSet|quicksight:DescribeDataSetPermissions|quicksight:PassDataSet|quicksight:DescribeIngestion|quicksight:ListIngestions|quicksight:UpdateDataSet|quicksight:DeleteDataSet|quicksight:CreateIngestion|quicksight:CancelIngestion
499080683179,us-east-1,dataset,covid-Vaccine,6ade8812-4e2a-453c-8e24-734a6b853c80,user,admin/wangzyn-Isengard,admin,quicksight:UpdateDataSetPermissions|quicksight:DescribeDataSet|quicksight:DescribeDataSetPermissions|quicksight:PassDataSet|quicksight:DescribeIngestion|quicksight:ListIngestions|quicksight:UpdateDataSet|quicksight:DeleteDataSet|quicksight:CreateIngestion|quicksight:CancelIngestion
499080683179,us-east-1,dataset,nytimes_counties,7564ac39-c229-45fe-bb69-23038c130724,user,admin/wangzyn-Isengard,admin,quicksight:UpdateDataSetPermissions|quicksight:DescribeDataSet|quicksight:DescribeDataSetPermissions|quicksight:PassDataSet|quicksight:DescribeIngestion|quicksight:ListIngestions|quicksight:UpdateDataSet|quicksight:DeleteDataSet|quicksight:CreateIngestion|quicksight:CancelIngestion
499080683179,us-east-1,dataset,nytimes_counties,7564ac39-c229-45fe-bb69-23038c130724,user,admin/ginnim-Isengard,admin,quicksight:UpdateDataSetPermissions|quicksight:DescribeDataSet|quicksight:DescribeDataSetPermissions|quicksight:PassDataSet|quicksight:DescribeIngestion|quicksight:ListIngestions|quicksight:UpdateDataSet|quicksight:DeleteDataSet|quicksight:CreateIngestion|quicksight:CancelIngestion
499080683179,us-east-1,dataset,us_state_vaccinations,7b669401-8bfd-4628-8412-28aa6be1ef4c,user,admin/wangzyn-Isengard,admin,quicksight:UpdateDataSetPermissions|quicksight:DescribeDataSet|quicksight:DescribeDataSetPermissions|quicksight:PassDataSet|quicksight:DescribeIngestion|quicksight:ListIngestions|quicksight:UpdateDataSet|quicksight:DeleteDataSet|quicksight:CreateIngestion|quicksight:CancelIngestion
499080683179,us-east-1,dataset,us_state_vaccinations,7b669401-8bfd-4628-8412-28aa6be1ef4c,user,admin/ginnim-Isengard,admin,quicksight:UpdateDataSetPermissions|quicksight:DescribeDataSet|quicksight:DescribeDataSetPermissions|quicksight:PassDataSet|quicksight:DescribeIngestion|quicksight:ListIngestions|quicksight:UpdateDataSet|quicksight:DeleteDataSet|quicksight:CreateIngestion|quicksight:CancelIngestion
499080683179,us-east-1,dataset,us_state_vaccinations,7b669401-8bfd-4628-8412-28aa6be1ef4c,user,admin/liaoying-Isengard,admin,quicksight:UpdateDataSetPermissions|quicksight:DescribeDataSet|quicksight:DescribeDataSetPermissions|quicksight:PassDataSet|quicksight:DescribeIngestion|quicksight:ListIngestions|quicksight:UpdateDataSet|quicksight:DeleteDataSet|quicksight:CreateIngestion|quicksight:CancelIngestion
499080683179,us-east-1,dataset,introduction_of_women_olympic_sports,7c7708c8-951c-4429-848a-47ae5ac5c621,user,admin/wangzyn-Isengard,admin,quicksight:UpdateDataSetPermissions|quicksight:DescribeDataSet|quicksight:DescribeDataSetPermissions|quicksight:PassDataSet|quicksight:DescribeIngestion|quicksight:ListIngestions|quicksight:UpdateDataSet|quicksight:DeleteDataSet|quicksight:CreateIngestion|quicksight:CancelIngestion
499080683179,us-east-1,dataset,introduction_of_women_olympic_sports,7c7708c8-951c-4429-848a-47ae5ac5c621,user,admin/ginnim-Isengard,admin,quicksight:DescribeDataSet|quicksight:DescribeDataSetPermissions|quicksight:PassDataSet|quicksight:DescribeIngestion|quicksight:ListIngestions
499080683179,us-east-1,dataset,Food_Wine_Pairing,8092d605-6459-468a-bada-f25885072604,user,admin/wangzyn-Isengard,admin,quicksight:UpdateDataSetPermissions|quicksight:DescribeDataSet|quicksight:DescribeDataSetPermissions|quicksight:PassDataSet|quicksight:DescribeIngestion|quicksight:ListIngestions|quicksight:UpdateDataSet|quicksight:DeleteDataSet|quicksight:CreateIngestion|quicksight:CancelIngestion
499080683179,us-east-1,dataset,biopsdemo_499080683179,88af772d-51ea-422f-acdb-70ef7c304a85,user,admin/wangzyn-Isengard,admin,quicksight:DescribeDataSet|quicksight:DescribeDataSetPermissions|quicksight:PassDataSet|quicksight:DescribeIngestion|quicksight:ListIngestions
499080683179,us-east-1,dataset,biopsdemo_499080683179,88af772d-51ea-422f-acdb-70ef7c304a85,user,admin/samrutr-Isengard,admin,quicksight:DescribeDataSet|quicksight:DescribeDataSetPermissions|quicksight:PassDataSet|quicksight:DescribeIngestion|quicksight:ListIngestions
499080683179,us-east-1,dataset,biopsdemo_499080683179,88af772d-51ea-422f-acdb-70ef7c304a85,user,admin/bhadrir-Isengard,admin,quicksight:UpdateDataSetPermissions|quicksight:DescribeDataSet|quicksight:DescribeDataSetPermissions|quicksight:PassDataSet|quicksight:DescribeIngestion|quicksight:ListIngestions|quicksight:UpdateDataSet|quicksight:DeleteDataSet|quicksight:CreateIngestion|quicksight:CancelIngestion
499080683179,us-east-1,dataset,history_olympic_RLS,94bd1a69-f4c4-4721-ba1b-81cc89484835,user,admin/wangzyn-Isengard,admin,quicksight:UpdateDataSetPermissions|quicksight:DescribeDataSet|quicksight:DescribeDataSetPermissions|quicksight:PassDataSet|quicksight:DescribeIngestion|quicksight:ListIngestions|quicksight:UpdateDataSet|quicksight:DeleteDataSet|quicksight:CreateIngestion|quicksight:CancelIngestion
499080683179,us-east-1,dataset,olympics_2021,a5807b01-9d03-4d62-b8c9-7f92aa4c0571,user,admin/wangzyn-Isengard,admin,quicksight:UpdateDataSetPermissions|quicksight:DescribeDataSet|quicksight:DescribeDataSetPermissions|quicksight:PassDataSet|quicksight:DescribeIngestion|quicksight:ListIngestions|quicksight:UpdateDataSet|quicksight:DeleteDataSet|quicksight:CreateIngestion|quicksight:CancelIngestion
499080683179,us-east-1,dataset,olympics_2021,a5807b01-9d03-4d62-b8c9-7f92aa4c0571,user,admin/ginnim-Isengard,admin,quicksight:UpdateDataSetPermissions|quicksight:DescribeDataSet|quicksight:DescribeDataSetPermissions|quicksight:PassDataSet|quicksight:DescribeIngestion|quicksight:ListIngestions|quicksight:UpdateDataSet|quicksight:DeleteDataSet|quicksight:CreateIngestion|quicksight:CancelIngestion
499080683179,us-east-1,dataset,Admin-Console-CFN-Main,Admin-Console-CFN-Main,user,admin/imaitri-Isengard,admin,quicksight:UpdateDataSetPermissions|quicksight:DescribeDataSet|quicksight:DescribeDataSetPermissions|quicksight:PassDataSet|quicksight:DescribeIngestion|quicksight:ListIngestions|quicksight:UpdateDataSet|quicksight:DeleteDataSet|quicksight:CreateIngestion|quicksight:CancelIngestion
499080683179,us-east-1,dataset,Admin-Console-Group-Membership,Admin-Console-Group-Membership,user,admin/imaitri-Isengard,admin,quicksight:UpdateDataSetPermissions|quicksight:DescribeDataSet|quicksight:DescribeDataSetPermissions|quicksight:PassDataSet|quicksight:DescribeIngestion|quicksight:ListIngestions|quicksight:UpdateDataSet|quicksight:DeleteDataSet|quicksight:CreateIngestion|quicksight:CancelIngestion
499080683179,us-east-1,dataset,Admin-Console-Object-Access,Admin-Console-Object-Access,user,admin/imaitri-Isengard,admin,quicksight:UpdateDataSetPermissions|quicksight:DescribeDataSet|quicksight:DescribeDataSetPermissions|quicksight:PassDataSet|quicksight:DescribeIngestion|quicksight:ListIngestions|quicksight:UpdateDataSet|quicksight:DeleteDataSet|quicksight:CreateIngestion|quicksight:CancelIngestion
499080683179,us-east-1,dataset,Admin-Console-dataset-info,Admin-Console-dataset-info,user,admin/imaitri-Isengard,admin,quicksight:UpdateDataSetPermissions|quicksight:DescribeDataSet|quicksight:DescribeDataSetPermissions|quicksight:PassDataSet|quicksight:DescribeIngestion|quicksight:ListIngestions|quicksight:UpdateDataSet|quicksight:DeleteDataSet|quicksight:CreateIngestion|quicksight:CancelIngestion
499080683179,us-east-1,dataset,womens_participation_in_the_olympic_winter_games,b05f1ee8-3727-4d47-a374-cf3eb50ef415,user,admin/wangzyn-Isengard,admin,quicksight:UpdateDataSetPermissions|quicksight:DescribeDataSet|quicksight:DescribeDataSetPermissions|quicksight:PassDataSet|quicksight:DescribeIngestion|quicksight:ListIngestions|quicksight:UpdateDataSet|quicksight:DeleteDataSet|quicksight:CreateIngestion|quicksight:CancelIngestion
499080683179,us-east-1,dataset,womens_participation_in_the_olympic_winter_games,b05f1ee8-3727-4d47-a374-cf3eb50ef415,user,admin/ginnim-Isengard,admin,quicksight:DescribeDataSet|quicksight:DescribeDataSetPermissions|quicksight:PassDataSet|quicksight:DescribeIngestion|quicksight:ListIngestions
499080683179,us-east-1,dataset,olympics_regions,bbba5c42-99c1-447e-8790-f9ead2a9725f,user,admin/ginnim-Isengard,admin,quicksight:UpdateDataSetPermissions|quicksight:DescribeDataSet|quicksight:DescribeDataSetPermissions|quicksight:PassDataSet|quicksight:DescribeIngestion|quicksight:ListIngestions|quicksight:UpdateDataSet|quicksight:DeleteDataSet|quicksight:CreateIngestion|quicksight:CancelIngestion
499080683179,us-east-1,dataset,athlete_events,c39c156c-938a-4ea8-904b-3b7a5500e91a,user,admin/ginnim-Isengard,admin,quicksight:UpdateDataSetPermissions|quicksight:DescribeDataSet|quicksight:DescribeDataSetPermissions|quicksight:PassDataSet|quicksight:DescribeIngestion|quicksight:ListIngestions|quicksight:UpdateDataSet|quicksight:DeleteDataSet|quicksight:CreateIngestion|quicksight:CancelIngestion
499080683179,us-east-1,dataset,olympics,c4b922f0-f6d4-43d1-87f5-ff891fd37bd1,user,admin/wangzyn-Isengard,admin,quicksight:UpdateDataSetPermissions|quicksight:DescribeDataSet|quicksight:DescribeDataSetPermissions|quicksight:PassDataSet|quicksight:DescribeIngestion|quicksight:ListIngestions|quicksight:UpdateDataSet|quicksight:DeleteDataSet|quicksight:CreateIngestion|quicksight:CancelIngestion
499080683179,us-east-1,dataset,olympics,c4b922f0-f6d4-43d1-87f5-ff891fd37bd1,user,admin/ginnim-Isengard,admin,quicksight:UpdateDataSetPermissions|quicksight:DescribeDataSet|quicksight:DescribeDataSetPermissions|quicksight:PassDataSet|quicksight:DescribeIngestion|quicksight:ListIngestions|quicksight:UpdateDataSet|quicksight:DeleteDataSet|quicksight:CreateIngestion|quicksight:CancelIngestion
499080683179,us-east-1,dataset,olympics,c4b922f0-f6d4-43d1-87f5-ff891fd37bd1,user,admin/liaoying-Isengard,admin,quicksight:UpdateDataSetPermissions|quicksight:DescribeDataSet|quicksight:DescribeDataSetPermissions|quicksight:PassDataSet|quicksight:DescribeIngestion|quicksight:ListIngestions|quicksight:UpdateDataSet|quicksight:DeleteDataSet|quicksight:CreateIngestion|quicksight:CancelIngestion
499080683179,us-east-1,dataset,test,c4e74efd-82a2-479f-ae27-2ede450735da,user,admin/samrutr-Isengard,admin,quicksight:UpdateDataSetPermissions|quicksight:DescribeDataSet|quicksight:DescribeDataSetPermissions|quicksight:PassDataSet|quicksight:DescribeIngestion|quicksight:ListIngestions|quicksight:UpdateDataSet|quicksight:DeleteDataSet|quicksight:CreateIngestion|quicksight:CancelIngestion
499080683179,us-east-1,dataset,2021_RLS,c6bc5abf-f358-4f28-9fdc-5c07dfe637f8,user,admin/wangzyn-Isengard,admin,quicksight:UpdateDataSetPermissions|quicksight:DescribeDataSet|quicksight:DescribeDataSetPermissions|quicksight:PassDataSet|quicksight:DescribeIngestion|quicksight:ListIngestions|quicksight:UpdateDataSet|quicksight:DeleteDataSet|quicksight:CreateIngestion|quicksight:CancelIngestion
499080683179,us-east-1,dataset,shopper_winemag-data-130k-v2,c9821a41-f24d-48f6-a4b5-98678eee3ad5,user,admin/wangzyn-Isengard,admin,quicksight:UpdateDataSetPermissions|quicksight:DescribeDataSet|quicksight:DescribeDataSetPermissions|quicksight:PassDataSet|quicksight:DescribeIngestion|quicksight:ListIngestions|quicksight:UpdateDataSet|quicksight:DeleteDataSet|quicksight:CreateIngestion|quicksight:CancelIngestion
499080683179,us-east-1,dataset,shopper_winemag-data-130k-v2,c9821a41-f24d-48f6-a4b5-98678eee3ad5,user,admin/ginnim-Isengard,admin,quicksight:UpdateDataSetPermissions|quicksight:DescribeDataSet|quicksight:DescribeDataSetPermissions|quicksight:PassDataSet|quicksight:DescribeIngestion|quicksight:ListIngestions|quicksight:UpdateDataSet|quicksight:DeleteDataSet|quicksight:CreateIngestion|quicksight:CancelIngestion
499080683179,us-east-1,dataset,shopper_winemag-data-130k-v2,c9821a41-f24d-48f6-a4b5-98678eee3ad5,user,admin/liaoying-Isengard,admin,quicksight:UpdateDataSetPermissions|quicksight:DescribeDataSet|quicksight:DescribeDataSetPermissions|quicksight:PassDataSet|quicksight:DescribeIngestion|quicksight:ListIngestions|quicksight:UpdateDataSet|quicksight:DeleteDataSet|quicksight:CreateIngestion|quicksight:CancelIngestion
499080683179,us-east-1,dataset,winemag-data-130k-v2,d0165a7a-1269-47ab-a8ea-14b9417786b6,user,liaoying@amazon.com,default,quicksight:UpdateDataSetPermissions|quicksight:DescribeDataSet|quicksight:DescribeDataSetPermissions|quicksight:PassDataSet|quicksight:DescribeIngestion|quicksight:ListIngestions|quicksight:UpdateDataSet|quicksight:DeleteDataSet|quicksight:CreateIngestion|quicksight:CancelIngestion
499080683179,us-east-1,dataset,winemag-data-130k-v2,d0165a7a-1269-47ab-a8ea-14b9417786b6,user,admin/wangzyn-Isengard,admin,quicksight:UpdateDataSetPermissions|quicksight:DescribeDataSet|quicksight:DescribeDataSetPermissions|quicksight:PassDataSet|quicksight:DescribeIngestion|quicksight:ListIngestions|quicksight:UpdateDataSet|quicksight:DeleteDataSet|quicksight:CreateIngestion|quicksight:CancelIngestion
499080683179,us-east-1,dataset,winemag-data-130k-v2,d0165a7a-1269-47ab-a8ea-14b9417786b6,user,admin/ginnim-Isengard,admin,quicksight:UpdateDataSetPermissions|quicksight:DescribeDataSet|quicksight:DescribeDataSetPermissions|quicksight:PassDataSet|quicksight:DescribeIngestion|quicksight:ListIngestions|quicksight:UpdateDataSet|quicksight:DeleteDataSet|quicksight:CreateIngestion|quicksight:CancelIngestion
499080683179,us-east-1,dataset,winemag-data-130k-v2,d0165a7a-1269-47ab-a8ea-14b9417786b6,user,admin/liaoying-Isengard,admin,quicksight:UpdateDataSetPermissions|quicksight:DescribeDataSet|quicksight:DescribeDataSetPermissions|quicksight:PassDataSet|quicksight:DescribeIngestion|quicksight:ListIngestions|quicksight:UpdateDataSet|quicksight:DeleteDataSet|quicksight:CreateIngestion|quicksight:CancelIngestion
499080683179,us-east-1,dataset,winemag-data-130k-v2,d0165a7a-1269-47ab-a8ea-14b9417786b6,user,ginnim@amazon.com,default,quicksight:UpdateDataSetPermissions|quicksight:DescribeDataSet|quicksight:DescribeDataSetPermissions|quicksight:PassDataSet|quicksight:DescribeIngestion|quicksight:ListIngestions|quicksight:UpdateDataSet|quicksight:DeleteDataSet|quicksight:CreateIngestion|quicksight:CancelIngestion
499080683179,us-east-1,dataset,covid_testing_states_daily,d43be7eb-937e-49e3-8d60-ef736e6cb92d,user,admin/wangzyn-Isengard,admin,quicksight:UpdateDataSetPermissions|quicksight:DescribeDataSet|quicksight:DescribeDataSetPermissions|quicksight:PassDataSet|quicksight:DescribeIngestion|quicksight:ListIngestions|quicksight:UpdateDataSet|quicksight:DeleteDataSet|quicksight:CreateIngestion|quicksight:CancelIngestion
499080683179,us-east-1,dataset,covid_testing_states_daily,d43be7eb-937e-49e3-8d60-ef736e6cb92d,user,admin/ginnim-Isengard,admin,quicksight:UpdateDataSetPermissions|quicksight:DescribeDataSet|quicksight:DescribeDataSetPermissions|quicksight:PassDataSet|quicksight:DescribeIngestion|quicksight:ListIngestions|quicksight:UpdateDataSet|quicksight:DeleteDataSet|quicksight:CreateIngestion|quicksight:CancelIngestion
499080683179,us-east-1,dataset,covid_testing_states_daily,d43be7eb-937e-49e3-8d60-ef736e6cb92d,user,admin/liaoying-Isengard,admin,quicksight:UpdateDataSetPermissions|quicksight:DescribeDataSet|quicksight:DescribeDataSetPermissions|quicksight:PassDataSet|quicksight:DescribeIngestion|quicksight:ListIngestions|quicksight:UpdateDataSet|quicksight:DeleteDataSet|quicksight:CreateIngestion|quicksight:CancelIngestion
499080683179,us-east-1,data_source,coviddatalake,1763b163-fb6b-4c6b-83c1-8f81933939b5,user,admin/wangzyn-Isengard,admin,quicksight:UpdateDataSourcePermissions|quicksight:DescribeDataSource|quicksight:DescribeDataSourcePermissions|quicksight:PassDataSource|quicksight:UpdateDataSource|quicksight:DeleteDataSource
499080683179,us-east-1,data_source,coviddatalake,1763b163-fb6b-4c6b-83c1-8f81933939b5,user,admin/ginnim-Isengard,admin,quicksight:DescribeDataSource|quicksight:DescribeDataSourcePermissions|quicksight:PassDataSource
499080683179,us-east-1,data_source,coviddatalake,1763b163-fb6b-4c6b-83c1-8f81933939b5,user,admin/liaoying-Isengard,admin,quicksight:DescribeDataSource|quicksight:DescribeDataSourcePermissions|quicksight:PassDataSource
499080683179,us-east-1,data_source,biopsdemo,5e4274eb-1aaa-43c1-b83d-c2daa73c6eb2,user,admin/bhadrir-Isengard,admin,quicksight:UpdateDataSourcePermissions|quicksight:DescribeDataSource|quicksight:DescribeDataSourcePermissions|quicksight:PassDataSource|quicksight:UpdateDataSource|quicksight:DeleteDataSource
499080683179,us-east-1,data_source,athena-admin-console,athena-admin-console,user,admin/imaitri-Isengard,admin,quicksight:UpdateDataSourcePermissions|quicksight:DescribeDataSource|quicksight:DescribeDataSourcePermissions|quicksight:PassDataSource|quicksight:UpdateDataSource|quicksight:DeleteDataSource
499080683179,us-east-1,data_source,athena-admin-console,athena-admin-console,user,admin/liaoying-Isengard,admin,quicksight:UpdateDataSourcePermissions|quicksight:DescribeDataSource|quicksight:DescribeDataSourcePermissions|quicksight:PassDataSource|quicksight:UpdateDataSource|quicksight:DeleteDataSource
499080683179,us-east-1,data_source,athena-admin-console,db3ae9aa-dc03-4502-9636-36149b82f4f2,user,admin/wangzyn-Isengard,admin,quicksight:UpdateDataSourcePermissions|quicksight:DescribeDataSource|quicksight:DescribeDataSourcePermissions|quicksight:PassDataSource|quicksight:UpdateDataSource|quicksight:DeleteDataSource
499080683179,us-east-1,data_source,test,ef47fa5f-cd97-47f2-b3d8-d012988dc58f,user,admin/samrutr-Isengard,admin,quicksight:UpdateDataSourcePermissions|quicksight:DescribeDataSource|quicksight:DescribeDataSourcePermissions|quicksight:PassDataSource|quicksight:UpdateDataSource|quicksight:DeleteDataSource
499080683179,us-east-1,analysis,biopsdemo_499080683179 analysis,0322ad5e-7c42-4a47-814e-1a286c6b0f03,user,sam-qs-test-user,default,quicksight:RestoreAnalysis|quicksight:UpdateAnalysisPermissions|quicksight:DeleteAnalysis|quicksight:DescribeAnalysisPermissions|quicksight:QueryAnalysis|quicksight:DescribeAnalysis|quicksight:UpdateAnalysis
499080683179,us-east-1,analysis,biopsdemo_499080683179 analysis,0322ad5e-7c42-4a47-814e-1a286c6b0f03,user,admin/wangzyn-Isengard,admin,quicksight:RestoreAnalysis|quicksight:UpdateAnalysisPermissions|quicksight:DeleteAnalysis|quicksight:DescribeAnalysisPermissions|quicksight:QueryAnalysis|quicksight:DescribeAnalysis|quicksight:UpdateAnalysis
499080683179,us-east-1,analysis,biopsdemo_499080683179 analysis,0322ad5e-7c42-4a47-814e-1a286c6b0f03,user,admin/samrutr-Isengard,admin,quicksight:RestoreAnalysis|quicksight:UpdateAnalysisPermissions|quicksight:DeleteAnalysis|quicksight:DescribeAnalysisPermissions|quicksight:QueryAnalysis|quicksight:DescribeAnalysis|quicksight:UpdateAnalysis
499080683179,us-east-1,analysis,biopsdemo_499080683179 analysis,0322ad5e-7c42-4a47-814e-1a286c6b0f03,user,admin/bhadrir-Isengard,admin,quicksight:RestoreAnalysis|quicksight:UpdateAnalysisPermissions|quicksight:DeleteAnalysis|quicksight:DescribeAnalysisPermissions|quicksight:QueryAnalysis|quicksight:DescribeAnalysis|quicksight:UpdateAnalysis
499080683179,us-east-1,analysis,People Overview analysis,066e36b8-b57e-48eb-9f06-eab760cc8b79,user,liaoying@amazon.com,default,quicksight:RestoreAnalysis|quicksight:UpdateAnalysisPermissions|quicksight:DeleteAnalysis|quicksight:DescribeAnalysisPermissions|quicksight:QueryAnalysis|quicksight:DescribeAnalysis|quicksight:UpdateAnalysis
499080683179,us-east-1,analysis,title.ratings analysis,0d67f7fe-f1f6-4c16-98ce-0286b5355f4d,user,admin/wangzyn-Isengard,admin,quicksight:RestoreAnalysis|quicksight:UpdateAnalysisPermissions|quicksight:DeleteAnalysis|quicksight:DescribeAnalysisPermissions|quicksight:QueryAnalysis|quicksight:DescribeAnalysis|quicksight:UpdateAnalysis
499080683179,us-east-1,analysis,Sales Pipeline analysis,30b7b5b8-908b-4727-aac5-35cb0d28090a,user,liaoying@amazon.com,default,quicksight:RestoreAnalysis|quicksight:UpdateAnalysisPermissions|quicksight:DeleteAnalysis|quicksight:DescribeAnalysisPermissions|quicksight:QueryAnalysis|quicksight:DescribeAnalysis|quicksight:UpdateAnalysis
499080683179,us-east-1,analysis,Web and Social Media Analytics analysis,3a3126a6-aaf9-429a-9709-e950676ed034,user,liaoying@amazon.com,default,quicksight:RestoreAnalysis|quicksight:UpdateAnalysisPermissions|quicksight:DeleteAnalysis|quicksight:DescribeAnalysisPermissions|quicksight:QueryAnalysis|quicksight:DescribeAnalysis|quicksight:UpdateAnalysis
499080683179,us-east-1,analysis,Business Review analysis,3fc6a00a-e154-4430-8e1f-892fc25908e9,user,liaoying@amazon.com,default,quicksight:RestoreAnalysis|quicksight:UpdateAnalysisPermissions|quicksight:DeleteAnalysis|quicksight:DescribeAnalysisPermissions|quicksight:QueryAnalysis|quicksight:DescribeAnalysis|quicksight:UpdateAnalysis
499080683179,us-east-1,analysis,Olympics DataCon,44c6b09e-0d0d-4115-9765-c6adf19ae458,user,admin/wangzyn-Isengard,admin,quicksight:RestoreAnalysis|quicksight:UpdateAnalysisPermissions|quicksight:DeleteAnalysis|quicksight:DescribeAnalysisPermissions|quicksight:QueryAnalysis|quicksight:DescribeAnalysis|quicksight:UpdateAnalysis
499080683179,us-east-1,analysis,Olympics DataCon,44c6b09e-0d0d-4115-9765-c6adf19ae458,user,admin/ginnim-Isengard,admin,quicksight:RestoreAnalysis|quicksight:UpdateAnalysisPermissions|quicksight:DeleteAnalysis|quicksight:DescribeAnalysisPermissions|quicksight:QueryAnalysis|quicksight:DescribeAnalysis|quicksight:UpdateAnalysis
499080683179,us-east-1,analysis,test analysis,5481bc45-e731-4dba-aaf3-0fb471f667f6,user,admin/samrutr-Isengard,admin,quicksight:RestoreAnalysis|quicksight:UpdateAnalysisPermissions|quicksight:DeleteAnalysis|quicksight:DescribeAnalysisPermissions|quicksight:QueryAnalysis|quicksight:DescribeAnalysis|quicksight:UpdateAnalysis
499080683179,us-east-1,analysis,covid-Vaccine analysis,5f64a7d9-cc51-4099-989d-279a2746dde1,user,admin/wangzyn-Isengard,admin,quicksight:RestoreAnalysis|quicksight:UpdateAnalysisPermissions|quicksight:DeleteAnalysis|quicksight:DescribeAnalysisPermissions|quicksight:QueryAnalysis|quicksight:DescribeAnalysis|quicksight:UpdateAnalysis
499080683179,us-east-1,analysis,covid-Vaccine analysis,5f64a7d9-cc51-4099-989d-279a2746dde1,user,admin/ginnim-Isengard,admin,quicksight:RestoreAnalysis|quicksight:UpdateAnalysisPermissions|quicksight:DeleteAnalysis|quicksight:DescribeAnalysisPermissions|quicksight:QueryAnalysis|quicksight:DescribeAnalysis|quicksight:UpdateAnalysis
499080683179,us-east-1,analysis,covid-Vaccine analysis,5f64a7d9-cc51-4099-989d-279a2746dde1,user,admin/liaoying-Isengard,admin,quicksight:RestoreAnalysis|quicksight:UpdateAnalysisPermissions|quicksight:DeleteAnalysis|quicksight:DescribeAnalysisPermissions|quicksight:QueryAnalysis|quicksight:DescribeAnalysis|quicksight:UpdateAnalysis
499080683179,us-east-1,analysis,athlete_events.csv analysis,8a3d645c-9e2c-4995-abf5-07e51c37452f,user,admin/wangzyn-Isengard,admin,quicksight:RestoreAnalysis|quicksight:UpdateAnalysisPermissions|quicksight:DeleteAnalysis|quicksight:DescribeAnalysisPermissions|quicksight:QueryAnalysis|quicksight:DescribeAnalysis|quicksight:UpdateAnalysis
499080683179,us-east-1,analysis,Patient-Info analysis,8cdf1567-c89d-4939-bc42-94651cd9ddfd,user,admin/liaoying-Isengard,admin,quicksight:RestoreAnalysis|quicksight:UpdateAnalysisPermissions|quicksight:DeleteAnalysis|quicksight:DescribeAnalysisPermissions|quicksight:QueryAnalysis|quicksight:DescribeAnalysis|quicksight:UpdateAnalysis
499080683179,us-east-1,analysis,olympics,97038b11-be4c-43af-83c0-4c33dcd3735b,user,admin/wangzyn-Isengard,admin,quicksight:RestoreAnalysis|quicksight:UpdateAnalysisPermissions|quicksight:DeleteAnalysis|quicksight:DescribeAnalysisPermissions|quicksight:QueryAnalysis|quicksight:DescribeAnalysis|quicksight:UpdateAnalysis
499080683179,us-east-1,analysis,olympics,97038b11-be4c-43af-83c0-4c33dcd3735b,user,admin/ginnim-Isengard,admin,quicksight:RestoreAnalysis|quicksight:UpdateAnalysisPermissions|quicksight:DeleteAnalysis|quicksight:DescribeAnalysisPermissions|quicksight:QueryAnalysis|quicksight:DescribeAnalysis|quicksight:UpdateAnalysis
499080683179,us-east-1,analysis,olympics,97038b11-be4c-43af-83c0-4c33dcd3735b,user,admin/liaoying-Isengard,admin,quicksight:RestoreAnalysis|quicksight:UpdateAnalysisPermissions|quicksight:DeleteAnalysis|quicksight:DescribeAnalysisPermissions|quicksight:QueryAnalysis|quicksight:DescribeAnalysis|quicksight:UpdateAnalysis
499080683179,us-east-1,analysis,history_olympic_RLS analysis,a17b7cf1-85ad-4e71-8dde-c733459f4dc5,user,admin/wangzyn-Isengard,admin,quicksight:RestoreAnalysis|quicksight:UpdateAnalysisPermissions|quicksight:DeleteAnalysis|quicksight:DescribeAnalysisPermissions|quicksight:QueryAnalysis|quicksight:DescribeAnalysis|quicksight:UpdateAnalysis
499080683179,us-east-1,analysis,olympics_2021 analysis,a4ff3b92-e5cc-4390-b1a2-1f269180a285,user,admin/wangzyn-Isengard,admin,quicksight:RestoreAnalysis|quicksight:UpdateAnalysisPermissions|quicksight:DeleteAnalysis|quicksight:DescribeAnalysisPermissions|quicksight:QueryAnalysis|quicksight:DescribeAnalysis|quicksight:UpdateAnalysis
499080683179,us-east-1,analysis,athlete_events analysis,b38a3769-29ee-4051-a41a-c06d493f8558,user,admin/ginnim-Isengard,admin,quicksight:RestoreAnalysis|quicksight:UpdateAnalysisPermissions|quicksight:DeleteAnalysis|quicksight:DescribeAnalysisPermissions|quicksight:QueryAnalysis|quicksight:DescribeAnalysis|quicksight:UpdateAnalysis
499080683179,us-east-1,analysis,winemag-data-130k-v2 analysis,ed3f6c08-15b9-4bf6-aeb7-e8188b6ce2b1,user,liaoying@amazon.com,default,quicksight:RestoreAnalysis|quicksight:UpdateAnalysisPermissions|quicksight:DeleteAnalysis|quicksight:DescribeAnalysisPermissions|quicksight:QueryAnalysis|quicksight:DescribeAnalysis|quicksight:UpdateAnalysis
499080683179,us-east-1,analysis,winemag-data-130k-v2 analysis,ed3f6c08-15b9-4bf6-aeb7-e8188b6ce2b1,user,admin/wangzyn-Isengard,admin,quicksight:RestoreAnalysis|quicksight:UpdateAnalysisPermissions|quicksight:DeleteAnalysis|quicksight:DescribeAnalysisPermissions|quicksight:QueryAnalysis|quicksight:DescribeAnalysis|quicksight:UpdateAnalysis
499080683179,us-east-1,analysis,winemag-data-130k-v2 analysis,ed3f6c08-15b9-4bf6-aeb7-e8188b6ce2b1,user,admin/ginnim-Isengard,admin,quicksight:RestoreAnalysis|quicksight:UpdateAnalysisPermissions|quicksight:DeleteAnalysis|quicksight:DescribeAnalysisPermissions|quicksight:QueryAnalysis|quicksight:DescribeAnalysis|quicksight:UpdateAnalysis
499080683179,us-east-1,analysis,winemag-data-130k-v2 analysis,ed3f6c08-15b9-4bf6-aeb7-e8188b6ce2b1,user,admin/liaoying-Isengard,admin,quicksight:RestoreAnalysis|quicksight:UpdateAnalysisPermissions|quicksight:DeleteAnalysis|quicksight:DescribeAnalysisPermissions|quicksight:QueryAnalysis|quicksight:DescribeAnalysis|quicksight:UpdateAnalysis
499080683179,us-east-1,analysis,winemag-data-130k-v2 analysis,ed3f6c08-15b9-4bf6-aeb7-e8188b6ce2b1,user,ginnim@amazon.com,default,quicksight:RestoreAnalysis|quicksight:UpdateAnalysisPermissions|quicksight:DeleteAnalysis|quicksight:DescribeAnalysisPermissions|quicksight:QueryAnalysis|quicksight:DescribeAnalysis|quicksight:UpdateAnalysis
499080683179,us-east-1,analysis,admin-console-cfn-analysis,f760c2cb-535c-4ac8-aaeb-4f07df14d463,user,admin/wangzyn-Isengard,admin,quicksight:RestoreAnalysis|quicksight:UpdateAnalysisPermissions|quicksight:DeleteAnalysis|quicksight:DescribeAnalysisPermissions|quicksight:QueryAnalysis|quicksight:DescribeAnalysis|quicksight:UpdateAnalysis
499080683179,us-east-1,theme,DarkTheme,0b2d44f9-4d7c-4b9d-a4ea-88bd17d579f8,user,admin/liaoying-Isengard,admin,quicksight:UpdateThemeAlias|quicksight:ListThemeVersions|quicksight:DescribeThemeAlias|quicksight:UpdateThemePermissions|quicksight:DeleteThemeAlias|quicksight:DeleteTheme|quicksight:ListThemeAliases|quicksight:DescribeTheme|quicksight:CreateThemeAlias|quicksight:UpdateTheme|quicksight:DescribeThemePermissions
